username,is_anime_face,contribs
1,False,36
4,False,53
7,False,93
17,False,300
18,False,3
19,False,4
20,False,33
21,False,9
22,False,10
25,False,137
26,False,136
27,False,5
29,False,46
34,False,17
35,False,2
38,False,6
45,False,16
46,False,1
47,False,277
51,False,24
52,False,1
68,False,205
69,False,299
70,False,12
71,False,182
72,False,3
74,False,30
75,False,136
76,False,298
77,False,3
78,False,298
79,False,22
80,False,290
81,False,128
82,False,35
85,False,27
87,False,1
88,False,11
89,False,23
90,False,14
91,False,1
92,False,6
93,False,8
94,False,2
95,False,6
100,False,29
101,False,3
103,False,19
104,True,9
106,False,72
107,False,51
108,False,67
109,False,18
111,False,136
112,False,1
113,False,55
114,False,1
115,False,8
117,False,106
118,False,65
119,False,16
120,False,6
121,False,300
123,False,7
124,False,25
125,False,2
127,False,135
128,False,294
129,False,294
130,False,93
131,False,9
132,False,295
133,False,155
134,False,297
136,False,2
137,False,107
138,False,9
139,True,297
141,False,282
143,False,8
145,False,30
147,False,124
150,False,57
151,False,57
152,False,4
153,False,281
154,False,25
155,False,37
158,False,4
159,False,83
160,False,10
161,False,8
163,False,58
165,False,3
166,False,8
168,False,5
169,False,91
170,False,28
171,False,1
172,False,59
173,False,40
175,False,16
176,False,99
179,False,277
180,False,33
182,False,37
183,False,180
184,False,20
185,False,43
187,False,89
188,False,290
191,False,4
192,False,50
193,False,44
194,False,6
197,False,10
198,False,280
199,False,43
200,False,99
201,False,7
203,False,9
206,False,10
207,False,100
209,False,2
210,False,3
211,False,299
212,False,50
213,False,17
214,False,20
215,False,230
216,False,300
217,False,281
218,False,74
219,False,2
220,False,7
221,False,3
222,False,5
225,False,205
226,False,4
227,False,8
230,False,3
232,False,13
233,False,299
234,False,12
235,False,99
236,False,3
237,False,1
238,False,2
239,False,1
240,False,146
241,False,1
243,False,23
244,False,5
245,False,231
246,False,279
247,False,46
249,False,24
252,False,4
253,False,6
255,False,268
256,False,7
257,False,10
258,False,5
260,False,4
261,False,13
262,False,15
263,False,5
264,False,1
265,False,12
266,False,138
269,False,233
270,False,14
272,False,1
273,False,4
274,False,4
276,False,57
277,False,1
278,False,298
279,False,1
280,False,22
281,False,67
282,False,34
286,False,2
287,False,102
288,False,38
290,False,3
291,False,186
292,False,298
293,False,3
294,False,9
297,False,13
298,False,211
299,False,43
300,False,287
302,False,43
304,False,10
305,False,20
306,False,30
307,False,10
308,False,30
310,False,81
311,False,8
312,False,1
314,False,33
316,False,1
318,False,294
320,False,58
321,False,6
323,True,2
325,False,4
328,False,1
329,False,23
330,False,6
331,False,283
332,False,1
334,False,2
335,False,66
336,False,9
338,False,16
339,False,24
340,False,15
343,False,3
346,False,226
347,False,10
348,False,21
349,False,41
350,False,16
353,False,266
354,False,294
355,False,153
356,False,1
357,False,232
360,False,22
362,False,15
363,False,54
365,False,2
366,False,20
368,False,12
369,False,299
370,False,239
372,False,116
373,False,33
374,False,1
375,False,106
378,False,179
379,False,22
381,False,18
383,False,37
384,False,133
385,False,63
386,False,11
388,False,19
389,False,10
394,False,64
395,False,7
397,False,4
398,False,3
399,False,19
400,False,4
401,False,44
402,False,26
405,False,276
406,False,15
408,False,20
410,False,255
411,False,7
412,False,131
414,False,25
415,False,299
417,False,228
420,False,300
421,False,3
422,False,10
423,False,40
426,False,7
427,False,15
428,False,23
429,False,46
430,False,4
432,False,1
433,False,117
435,False,63
437,False,15
439,False,24
440,False,5
441,False,32
442,False,78
444,False,19
445,False,30
447,False,39
448,False,19
450,False,3
451,False,7
452,False,81
454,False,43
456,False,28
458,False,89
459,False,1
460,False,29
461,False,250
465,False,23
466,False,11
467,False,2
468,False,240
469,False,8
470,False,102
471,False,30
472,False,168
473,False,46
474,False,13
475,False,214
476,False,36
477,False,7
479,False,11
480,False,11
482,False,5
484,False,10
485,False,16
486,False,5
487,False,6
491,False,91
492,False,3
493,False,3
494,False,22
495,False,2
498,False,26
499,False,69
500,False,262
501,False,61
503,False,2
505,False,22
508,False,1
509,False,167
510,False,33
512,False,285
513,False,4
515,False,39
516,False,1
518,False,208
519,False,17
521,False,7
522,False,4
523,False,17
524,False,9
525,False,8
527,False,5
529,False,41
530,False,2
531,False,8
532,False,28
533,False,299
534,False,6
535,False,83
536,False,1
537,False,6
538,False,6
540,False,108
542,False,1
543,False,151
545,False,26
546,False,22
547,False,300
549,False,7
550,False,4
553,False,11
554,False,159
556,False,10
557,False,3
559,False,8
561,False,1
563,False,285
564,False,63
565,False,80
566,False,3
567,False,6
568,False,1
570,False,11
571,False,101
572,False,20
574,False,3
576,False,5
577,False,12
578,False,24
579,False,300
581,False,1
583,True,75
584,False,9
585,False,4
586,False,3
587,False,2
588,False,6
589,False,14
590,False,2
591,False,8
593,False,300
594,False,39
596,False,286
597,False,3
598,False,9
599,False,1
600,False,1
602,False,116
604,False,7
605,False,300
606,False,4
608,False,68
610,False,33
613,False,145
614,False,14
615,False,17
616,False,39
618,False,232
619,False,3
620,False,8
621,False,2
622,False,15
623,False,26
625,False,1
626,False,95
627,False,5
628,False,4
629,False,5
630,False,11
631,False,9
632,False,41
633,False,8
634,False,300
635,False,6
636,False,71
637,False,1
638,False,37
640,False,227
641,False,282
642,False,1
645,False,8
647,False,190
648,False,81
649,False,12
650,False,184
651,False,5
656,False,15
657,False,10
658,False,294
659,False,10
661,False,7
664,False,6
668,False,21
669,False,270
670,False,10
671,False,23
673,False,1
674,False,45
675,False,16
677,False,2
679,False,13
680,False,208
682,False,8
683,False,2
684,False,67
685,False,1
686,False,179
687,False,58
688,False,12
689,False,9
690,False,239
693,False,13
694,False,236
695,False,299
696,False,96
697,False,7
698,False,272
699,False,15
701,False,72
702,False,6
703,False,1
706,False,12
707,False,2
708,False,1
709,False,1
710,False,37
711,False,14
713,False,31
714,False,277
716,False,88
718,False,207
720,False,52
721,False,46
723,False,17
724,False,7
726,False,1
728,False,1
730,False,256
731,False,48
734,False,1
735,False,10
736,False,22
737,False,7
740,False,32
742,True,5
743,False,43
744,False,73
745,False,44
747,False,44
748,False,4
752,False,257
754,False,20
755,False,34
756,False,1
757,False,60
758,False,48
759,False,3
760,False,13
761,False,2
762,False,1
763,False,2
764,False,21
766,False,31
767,False,300
771,False,1
772,False,285
773,False,7
775,False,16
776,False,19
777,False,1
778,False,20
779,False,3
781,False,17
782,False,2
784,False,1
787,False,2
791,False,19
792,False,300
793,False,6
794,False,21
795,False,2
796,False,4
797,False,283
799,False,1
800,False,1
804,True,27
805,False,4
806,False,216
810,False,48
813,False,2
816,False,10
817,False,10
818,False,4
819,False,214
820,False,90
822,False,26
824,False,1
825,False,18
828,False,13
830,False,2
831,False,81
832,False,18
833,False,15
835,False,40
836,False,96
837,False,93
838,False,13
842,False,284
843,False,68
846,False,13
847,False,19
848,False,1
849,False,2
851,False,138
853,False,16
854,False,15
855,False,83
857,False,12
860,False,7
861,False,3
863,False,129
865,False,4
866,False,81
867,False,58
868,False,1
869,False,274
870,False,9
871,False,1
872,False,30
874,False,4
875,False,34
877,False,300
878,False,10
879,False,5
880,False,1
881,False,15
882,False,2
884,False,33
886,False,290
887,False,281
890,False,11
891,False,28
895,False,1
897,False,4
898,False,40
899,False,1
901,False,3
902,False,19
903,False,29
908,False,3
910,False,4
912,False,4
913,False,7
919,False,44
922,False,22
923,False,44
924,False,30
925,False,86
926,False,47
927,False,130
932,False,23
934,False,1
936,False,5
937,False,4
939,False,293
940,False,38
941,False,10
944,False,3
945,False,19
947,False,111
949,False,57
950,False,10
951,False,12
953,False,3
954,False,10
955,False,207
956,False,300
957,False,17
958,False,1
959,False,6
965,False,5
966,False,21
967,False,46
969,False,1
970,False,243
971,False,8
974,False,6
975,False,10
977,False,5
978,False,4
980,False,148
982,False,81
983,False,219
984,False,18
986,False,1
987,False,1
988,False,296
989,False,7
990,False,290
991,False,1
992,False,3
993,False,19
994,False,10
995,False,2
997,False,5
1000,False,284
1001,False,3
1004,False,1
1007,False,19
1009,False,6
1010,False,22
1014,False,30
1016,False,3
1017,False,2
1019,False,52
1020,False,15
1021,False,7
1022,False,289
1024,False,4
1027,False,71
1032,False,40
1033,False,4
1034,False,46
1035,False,73
1037,False,16
1039,False,2
1041,False,9
1042,False,238
1044,False,15
1047,False,172
1048,False,3
1049,False,5
1050,False,88
1051,False,292
1052,False,13
1053,False,10
1056,False,57
1059,False,61
1060,False,300
1061,False,142
1062,False,2
1065,False,31
1066,False,274
1067,False,291
1068,False,7
1070,False,24
1071,False,227
1074,False,271
1075,False,296
1077,False,14
1078,False,3
1079,False,11
1080,False,1
1081,False,17
1082,False,268
1083,False,21
1084,False,34
1085,False,2
1088,False,1
1089,False,98
1090,False,295
1093,False,85
1095,False,119
1096,False,9
1099,False,1
1102,False,8
1103,False,21
1105,False,8
1106,False,300
1107,False,163
1108,False,6
1110,False,22
1112,False,130
1113,False,147
1114,False,27
1115,False,11
1116,False,27
1118,False,2
1120,False,1
1122,False,13
1123,False,5
1125,False,25
1128,False,16
1129,False,30
1131,False,1
1133,False,1
1134,False,293
1135,False,8
1137,False,2
1141,False,1
1144,False,1
1146,False,225
1151,False,296
1156,False,32
1157,False,16
1158,False,164
1159,False,8
1160,False,41
1161,False,60
1163,False,15
1164,False,115
1165,False,1
1166,False,1
1167,False,74
1168,False,68
1169,False,151
1172,False,224
1176,False,23
1178,False,120
1179,False,50
1181,False,300
1182,False,55
1183,False,61
1185,False,2
1186,False,17
1187,False,37
1188,False,3
1190,False,14
1191,False,15
1192,False,300
1194,False,41
1195,False,5
1197,False,1
1199,False,3
1201,False,9
1202,False,2
1204,False,14
1208,False,1
1209,False,7
1210,False,56
1211,False,41
1212,False,281
1213,False,21
1216,False,49
1217,False,5
1218,False,160
1219,False,2
1222,False,85
1223,False,100
1224,False,4
1226,False,7
1228,False,44
1229,False,3
1230,False,10
1232,False,160
1234,False,4
1235,False,1
1238,False,42
1240,False,4
1246,False,299
1249,False,97
1250,False,2
1254,False,9
1255,False,67
1256,False,20
1257,False,2
1258,False,281
1259,False,15
1261,False,25
1262,False,27
1263,False,7
1265,False,35
1266,False,1
1267,False,21
1270,False,226
1271,False,8
1274,False,188
1275,False,26
1276,False,1
1278,False,19
1279,False,13
1281,False,10
1282,False,13
1283,False,82
1284,False,273
1285,False,22
1286,False,56
1287,False,26
1291,False,35
1292,False,31
1295,False,27
1299,False,97
1300,False,67
1301,False,2
1302,False,21
1305,False,20
1306,False,5
1308,False,1
1309,False,1
1310,False,4
1314,False,27
1318,False,35
1321,False,62
1322,False,78
1324,False,13
1325,False,2
1327,False,9
1328,False,49
1329,False,1
1330,False,9
1332,False,20
1335,False,1
1338,False,10
1339,False,9
1344,False,67
1346,False,9
1348,False,207
1351,False,10
1352,False,8
1358,False,36
1361,False,10
1362,False,26
1365,False,54
1366,False,12
1367,False,24
1369,False,5
1370,False,3
1371,False,30
1374,False,31
1375,False,293
1377,True,263
1378,False,146
1380,False,49
1384,False,8
1385,False,2
1388,False,286
1390,False,1
1391,False,289
1394,False,4
1396,False,84
1397,False,1
1398,False,24
1400,False,3
1401,False,22
1402,False,47
1404,False,15
1405,False,20
1406,False,67
1407,False,9
1412,False,26
1416,False,52
1419,False,3
1420,False,7
1421,False,230
1422,False,15
1424,False,14
1425,False,4
1426,False,13
1428,False,178
1429,False,4
1430,False,236
1432,False,1
1434,False,11
1435,False,9
1436,False,11
1444,False,2
1447,False,4
1448,False,39
1452,False,128
1455,False,2
1458,False,2
1460,True,2
1461,False,3
1462,False,23
1464,False,24
1465,False,45
1466,False,9
1467,False,79
1468,False,1
1469,False,5
1470,False,62
1472,False,292
1473,False,1
1476,False,11
1477,False,31
1479,False,2
1481,False,5
1482,False,12
1483,False,14
1484,False,9
1485,False,1
1486,False,13
1487,False,2
1488,False,5
1489,False,1
1490,False,35
1496,False,48
1497,False,173
1499,False,9
1500,False,1
1501,False,17
1503,False,50
1505,False,7
1507,False,1
1509,False,1
1510,False,280
1511,False,1
1512,False,263
1513,False,158
1514,False,268
1516,False,1
1517,False,83
1518,False,33
1520,False,21
1521,False,19
1525,False,53
1527,False,77
1528,False,3
1529,False,3
1530,False,1
1532,False,1
1535,False,115
1540,False,5
1541,False,205
1542,False,72
1544,False,49
1545,False,65
1546,False,23
1547,False,89
1548,False,33
1549,False,45
1551,False,3
1552,False,4
1553,False,300
1554,False,20
1558,False,3
1561,False,1
1563,False,29
1564,False,16
1565,False,16
1566,False,4
1568,False,42
1569,False,12
1571,False,59
1572,False,2
1573,False,237
1574,False,115
1575,False,5
1577,False,1
1579,False,162
1580,False,13
1582,False,17
1583,False,31
1585,False,237
1586,False,6
1587,False,51
1588,False,2
1589,False,298
1592,False,35
1595,False,66
1597,False,8
1598,False,18
1599,False,103
1601,False,2
1602,False,1
1605,False,19
1607,False,20
1610,False,284
1614,False,15
1615,False,92
1616,False,22
1620,False,40
1622,False,11
1623,False,1
1624,False,113
1626,False,2
1627,False,8
1628,False,12
1633,False,7
1635,False,16
1639,False,40
1641,False,273
1642,False,25
1643,False,7
1646,False,2
1648,False,2
1649,False,7
1653,False,6
1654,False,8
1655,False,91
1659,False,82
1661,False,1
1662,False,1
1663,False,7
1664,False,300
1665,False,247
1666,False,27
1670,False,1
1671,False,11
1675,False,4
1677,False,1
1678,False,3
1681,False,35
1682,False,2
1683,False,66
1684,False,24
1686,False,2
1687,False,5
1688,False,2
1691,False,3
1692,False,18
1693,False,10
1694,False,300
1695,False,13
1702,False,4
1703,False,45
1706,False,22
1707,False,182
1710,False,100
1711,False,69
1712,False,24
1714,False,25
1718,False,10
1720,False,3
1721,False,105
1722,False,7
1725,False,9
1729,False,8
1731,False,3
1732,False,12
1735,False,8
1739,False,298
1742,True,56
1745,False,3
1746,False,1
1748,False,8
1750,False,19
1751,False,4
1752,False,13
1754,False,11
1755,False,2
1756,False,57
1757,False,37
1759,False,2
1761,False,29
1762,False,162
1763,False,14
1764,False,34
1767,False,1
1769,False,3
1771,False,15
1772,False,4
1774,False,2
1775,False,2
1776,False,54
1778,False,125
1779,False,171
1780,False,9
1784,False,1
1786,False,25
1788,False,1
1789,False,32
1794,False,28
1795,False,38
1796,False,3
1797,False,13
1799,False,6
1802,False,265
1804,False,18
1805,False,10
1807,False,16
1808,False,36
1809,False,9
1812,False,175
1815,False,168
1817,False,22
1819,False,49
1821,False,3
1822,False,16
1824,False,87
1826,False,8
1827,False,6
1829,False,8
1832,False,31
1833,False,1
1835,False,1
1837,False,34
1838,False,80
1839,False,197
1846,False,101
1850,False,217
1852,False,22
1857,False,2
1859,False,299
1860,True,80
1862,False,12
1863,False,67
1864,False,14
1865,False,2
1866,False,2
1868,False,3
1870,False,1
1872,False,1
1873,False,159
1875,False,228
1877,False,232
1879,False,15
1880,False,291
1882,False,11
1883,False,5
1885,False,6
1886,False,25
1890,False,4
1891,False,2
1894,False,265
1896,False,64
1898,False,6
1899,False,69
1900,False,114
1902,False,12
1903,False,152
1904,False,26
1905,False,26
1907,False,161
1908,False,1
1910,False,3
1913,False,32
1914,False,48
1915,True,56
1917,False,2
1918,False,300
1919,False,36
1920,False,2
1921,False,9
1922,False,16
1923,False,54
1926,False,88
1929,False,255
1930,False,293
1932,True,2
1933,False,4
1935,False,1
1938,False,277
1945,False,287
1946,False,10
1947,False,1
1948,False,70
1949,False,2
1950,False,2
1951,False,3
1952,False,16
1953,False,291
1954,False,11
1956,False,12
1958,False,4
1960,False,3
1963,False,300
1964,False,271
1968,False,300
1970,False,10
1971,False,1
1972,False,3
1973,False,48
1974,False,7
1976,False,290
1977,False,8
1978,False,5
1979,False,25
1981,False,4
1982,False,58
1983,False,23
1986,False,1
1990,False,32
1994,False,83
1995,False,4
1996,False,1
1999,False,134
2001,False,11
2003,False,26
2005,False,20
2008,False,154
2010,False,253
2011,False,230
2015,False,21
2016,False,300
2020,False,11
2022,False,18
2023,False,40
2025,False,15
2026,False,28
2027,False,202
2028,False,3
2029,False,297
2030,False,17
2031,False,84
2033,False,3
2035,False,1
2037,False,45
2038,False,9
2040,False,297
2041,False,54
2042,False,9
2044,False,30
2046,False,3
2047,False,10
2050,False,1
2051,False,14
2052,False,27
2055,False,2
2056,False,1
2057,False,1
2058,False,4
2059,False,15
2060,False,5
2064,False,2
2065,False,17
2066,False,230
2067,False,17
2069,False,7
2070,False,1
2071,False,84
2073,False,8
2076,False,24
2077,False,1
2079,False,59
2081,False,2
2082,False,5
2083,False,105
2084,False,222
2086,False,12
2088,False,75
2089,False,39
2090,False,299
2095,False,31
2096,False,1
2100,False,4
2101,False,2
2103,False,5
2105,False,14
2108,False,14
2109,False,26
2111,False,15
2112,False,5
2115,False,17
2117,False,39
2119,False,3
2120,False,66
2121,False,36
2122,False,28
2123,False,4
2124,False,2
2126,False,2
2128,False,14
2129,False,300
2130,False,300
2133,False,148
2134,False,141
2135,False,1
2137,False,61
2143,False,1
2145,False,6
2149,False,3
2150,False,15
2151,True,51
2153,False,30
2154,False,24
2155,False,3
2156,False,4
2157,False,2
2160,False,10
2161,False,50
2165,False,14
2168,False,10
2170,False,30
2171,False,82
2173,False,46
2176,False,19
2177,False,51
2178,False,7
2181,False,20
2182,False,92
2183,False,4
2187,False,55
2189,False,114
2190,False,3
2193,False,2
2194,False,18
2195,False,295
2196,False,4
2197,False,40
2198,False,15
2199,False,20
2202,False,45
2205,False,7
2206,False,2
2208,False,77
2210,False,36
2213,False,61
2214,False,299
2215,False,10
2216,False,1
2219,False,51
2220,False,40
2221,False,225
2222,False,5
2223,False,12
2226,False,1
2232,False,3
2235,False,28
2236,False,13
2238,False,111
2240,False,17
2241,False,8
2242,False,297
2243,False,20
2245,False,4
2246,False,36
2248,False,7
2250,False,1
2253,False,4
2254,False,211
2255,False,3
2257,False,17
2259,False,1
2260,False,3
2261,False,2
2262,False,2
2263,False,29
2264,False,7
2265,False,1
2267,False,4
2268,False,7
2269,False,4
2270,False,7
2271,False,1
2273,False,23
2274,False,11
2275,False,2
2277,False,27
2278,False,2
2279,False,1
2280,False,2
2281,False,26
2282,False,64
2286,False,7
2288,False,3
2289,False,299
2293,False,70
2295,False,12
2296,False,279
2297,False,120
2300,False,284
2302,False,10
2303,False,36
2305,False,271
2308,False,25
2309,False,156
2311,False,5
2312,False,1
2315,False,94
2316,False,6
2317,False,27
2319,False,21
2320,False,288
2322,False,3
2327,False,5
2329,False,2
2330,False,3
2336,False,2
2338,False,299
2339,False,4
2341,False,10
2342,False,42
2343,False,1
2344,False,186
2345,False,1
2347,False,3
2350,False,3
2351,False,18
2355,False,6
2358,False,33
2359,False,10
2362,False,5
2363,False,50
2365,False,78
2367,True,106
2368,False,6
2370,False,22
2371,False,235
2373,False,288
2374,False,43
2377,False,19
2378,False,9
2379,False,15
2381,False,212
2384,False,43
2386,False,24
2389,False,1
2390,False,14
2391,False,268
2394,False,5
2399,False,11
2403,False,3
2406,False,110
2407,False,10
2408,False,20
2409,False,1
2410,False,1
2411,False,14
2413,False,9
2414,False,21
2415,False,23
2417,False,1
2418,False,10
2419,False,108
2420,False,4
2422,False,1
2424,False,94
2425,False,16
2426,False,13
2427,False,51
2428,False,3
2430,False,2
2431,False,165
2434,False,209
2436,False,4
2437,False,1
2438,False,246
2439,False,6
2440,False,1
2441,False,20
2444,False,138
2445,False,71
2446,False,2
2448,False,4
2449,False,32
2450,False,17
2451,False,2
2452,False,7
2454,False,6
2456,False,17
2457,False,4
2458,False,300
2459,False,16
2461,False,26
2463,False,1
2467,False,29
2471,False,47
2472,False,1
2473,False,32
2476,False,167
2478,False,28
2479,False,33
2480,False,108
2481,False,19
2482,False,1
2483,False,5
2484,False,28
2486,False,74
2488,False,149
2490,False,4
2492,False,191
2494,False,32
2496,False,2
2498,False,284
2499,False,3
2501,False,2
2505,False,2
2506,False,1
2507,False,26
2508,False,2
2510,False,16
2511,False,14
2512,False,8
2513,False,3
2514,False,46
2516,False,1
2518,False,12
2519,False,1
2520,False,9
2521,False,31
2522,False,5
2523,False,3
2525,False,3
2526,False,157
2530,False,1
2533,False,18
2538,False,5
2541,False,10
2543,False,57
2544,False,10
2546,False,59
2549,False,39
2550,False,2
2551,False,1
2553,False,22
2554,False,2
2559,False,7
2560,False,295
2561,False,2
2565,False,10
2567,False,298
2569,False,13
2571,False,300
2573,False,22
2575,False,1
2576,False,6
2578,False,9
2580,False,14
2581,False,12
2585,False,76
2587,False,14
2588,False,2
2590,False,1
2591,False,21
2594,False,83
2595,False,114
2597,False,6
2598,False,11
2602,False,2
2605,False,6
2606,False,10
2607,False,300
2608,False,2
2615,False,3
2616,False,58
2618,False,7
2619,False,45
2621,False,273
2622,False,123
2623,False,4
2624,False,296
2626,False,1
2627,False,294
2628,False,8
2629,False,77
2630,False,296
2631,False,246
2632,False,142
2634,False,1
2635,False,1
2638,False,6
2640,False,1
2642,False,2
2644,False,291
2648,False,5
2649,False,3
2650,False,292
2651,False,55
2655,False,3
2657,False,42
2660,False,45
2661,False,35
2662,False,95
2664,False,10
2665,False,4
2666,False,21
2669,False,300
2677,False,27
2678,False,2
2679,False,6
2680,False,1
2682,False,34
2683,False,4
2686,False,28
2687,False,251
2689,False,2
2694,False,8
2699,False,202
2702,False,7
2704,False,4
2705,False,34
2706,False,58
2708,False,4
2713,False,37
2715,False,70
2719,False,8
2720,False,62
2722,False,27
2723,False,13
2724,False,2
2726,False,10
2727,False,207
2730,False,3
2731,False,26
2734,False,124
2737,False,28
2738,False,73
2741,False,164
2742,False,28
2743,False,148
2744,False,1
2745,False,40
2749,False,108
2754,False,14
2761,False,1
2763,False,1
2764,False,4
2766,False,7
2767,False,300
2768,False,177
2769,False,15
2771,False,55
2772,False,13
2773,False,2
2774,False,9
2777,False,1
2778,False,22
2780,False,33
2781,False,293
2783,False,3
2784,False,71
2786,False,2
2787,False,2
2790,False,3
2794,False,17
2795,False,27
2797,False,235
2798,False,105
2799,False,1
2800,False,27
2802,False,2
2803,False,6
2807,False,9
2809,False,3
2812,False,11
2817,False,7
2819,False,245
2821,False,3
2822,False,9
2825,False,7
2827,False,35
2829,False,26
2830,False,2
2832,False,28
2833,False,8
2834,False,15
2835,False,6
2836,False,90
2838,False,7
2839,False,2
2840,False,47
2841,False,9
2842,False,3
2843,False,40
2844,False,14
2845,False,14
2846,False,2
2847,False,59
2848,False,45
2850,False,3
2852,False,33
2857,False,20
2858,False,4
2859,False,10
2862,False,39
2863,False,17
2865,False,2
2866,False,165
2868,False,105
2869,False,18
2870,False,3
2872,False,1
2876,False,299
2877,False,55
2878,False,2
2880,False,36
2882,False,296
2885,False,19
2887,False,27
2888,False,2
2890,False,47
2891,False,3
2892,False,63
2893,False,229
2895,False,6
2896,False,1
2901,False,7
2902,False,9
2903,False,56
2904,False,1
2907,False,1
2909,False,8
2911,False,300
2912,False,37
2914,False,10
2915,False,12
2917,False,4
2923,False,11
2924,False,142
2925,False,18
2926,False,197
2929,False,6
2933,False,19
2935,False,5
2941,False,5
2944,False,33
2946,False,36
2948,False,19
2951,False,277
2954,False,45
2959,False,14
2962,True,51
2965,False,67
2968,False,4
2969,False,3
2971,False,20
2974,False,2
2976,False,4
2977,False,11
2979,False,3
2981,False,67
2982,False,12
2983,False,298
2984,False,5
2985,False,12
2986,False,87
2987,False,22
2988,False,300
2990,False,8
2992,False,30
2993,False,293
3001,False,154
3002,False,18
3003,False,10
3006,False,72
3009,False,221
3010,False,32
3011,False,32
3012,False,36
3013,False,34
3014,False,103
3017,False,3
3018,False,2
3019,False,5
3022,False,35
3026,False,28
3028,False,35
3032,False,9
3033,False,14
3036,False,6
3038,False,1
3040,False,8
3041,False,81
3042,False,1
3044,False,294
3045,False,15
3047,False,6
3048,False,15
3052,False,1
3053,False,1
3057,False,50
3058,False,8
3061,False,4
3063,False,1
3066,False,290
3069,False,115
3072,False,57
3073,False,300
3075,False,1
3076,False,16
3077,False,7
3082,False,58
3084,False,45
3088,False,13
3089,False,3
3090,False,2
3091,False,52
3092,False,11
3093,False,9
3095,False,259
3096,False,7
3098,False,1
3099,False,54
3103,False,20
3104,False,12
3108,False,9
3110,False,119
3112,False,2
3115,False,26
3117,False,18
3123,False,46
3124,False,300
3125,False,1
3126,False,19
3129,False,271
3130,False,22
3133,False,72
3134,False,297
3138,False,31
3139,False,289
3140,True,300
3142,False,4
3145,False,14
3147,False,11
3148,False,1
3150,False,296
3153,False,17
3154,False,8
3156,False,10
3158,False,90
3161,False,145
3162,False,88
3166,False,214
3167,False,283
3169,False,182
3170,False,47
3172,False,9
3180,False,2
3188,False,15
3189,False,75
3192,False,14
3197,False,81
3198,False,7
3199,False,9
3200,False,1
3201,False,20
3202,False,41
3204,False,292
3206,False,13
3209,False,13
3212,False,33
3215,False,27
3216,False,96
3217,False,41
3219,False,2
3220,False,2
3221,False,14
3222,False,13
3223,False,9
3225,False,47
3226,False,2
3227,False,56
3228,False,66
3229,False,22
3231,False,51
3233,False,169
3234,False,22
3235,False,4
3236,False,5
3237,False,5
3238,False,1
3240,False,252
3243,False,20
3244,False,116
3246,False,188
3247,False,5
3248,False,294
3249,False,1
3250,False,277
3251,False,1
3252,False,282
3254,False,18
3255,False,35
3257,False,188
3262,False,13
3266,False,65
3267,False,292
3269,False,64
3270,False,43
3272,False,11
3274,False,152
3277,False,1
3278,False,26
3279,False,32
3281,False,3
3282,False,4
3283,False,2
3285,False,17
3286,False,66
3287,False,26
3292,False,2
3293,False,2
3294,False,1
3295,False,180
3296,False,32
3297,False,4
3298,False,5
3300,False,114
3302,False,154
3303,False,289
3304,False,9
3305,False,46
3306,False,15
3308,False,296
3309,False,264
3312,False,18
3313,False,4
3315,False,22
3317,False,157
3320,False,9
3322,False,5
3324,False,6
3325,False,6
3326,False,31
3327,False,46
3328,False,1
3330,False,27
3331,False,242
3335,False,31
3340,False,19
3341,False,300
3342,False,204
3345,False,3
3346,False,14
3347,False,18
3352,False,1
3353,False,67
3354,False,9
3355,False,2
3356,False,40
3357,False,6
3359,False,5
3361,False,7
3365,False,3
3368,False,5
3372,False,72
3374,False,1
3375,False,45
3379,False,14
3380,False,290
3382,False,28
3383,False,10
3384,False,9
3386,False,17
3387,False,234
3389,False,9
3390,False,17
3391,False,1
3392,False,286
3393,False,2
3394,False,76
3395,False,1
3397,False,288
3402,False,27
3406,False,25
3407,False,123
3409,False,13
3413,False,8
3414,False,112
3416,False,40
3418,False,35
3419,False,1
3420,False,18
3421,False,4
3424,False,7
3425,False,11
3426,False,1
3428,False,163
3429,False,5
3430,False,69
3432,False,181
3433,False,3
3435,False,10
3436,False,1
3437,False,63
3438,False,82
3439,False,2
3441,False,18
3443,False,7
3444,False,14
3445,False,1
3446,False,81
3447,False,179
3450,False,1
3451,False,2
3452,False,13
3453,False,292
3456,False,193
3458,False,41
3459,False,21
3460,False,1
3461,False,81
3462,False,4
3464,False,5
3465,False,11
3467,False,12
3468,False,10
3469,False,9
3471,False,12
3472,False,1
3473,False,18
3474,False,2
3478,False,38
3480,False,1
3483,False,294
3485,False,69
3486,False,20
3487,False,300
3493,False,76
3499,False,70
3500,False,89
3501,False,5
3503,False,6
3507,False,211
3508,False,134
3509,False,3
3510,False,1
3514,False,258
3515,False,162
3516,False,20
3520,False,3
3527,False,1
3528,False,42
3530,False,22
3533,False,3
3535,False,75
3536,False,128
3541,False,5
3542,False,45
3543,False,1
3544,False,68
3545,False,1
3548,False,255
3550,False,22
3553,False,191
3556,False,300
3557,False,299
3558,False,11
3560,False,13
3562,False,43
3563,False,250
3565,False,300
3566,False,1
3571,False,4
3573,False,1
3575,False,269
3577,False,9
3579,False,22
3581,False,2
3584,False,23
3585,False,5
3586,False,36
3589,False,39
3593,False,13
3596,False,105
3600,False,11
3601,False,6
3602,False,29
3603,False,17
3606,False,6
3607,False,3
3608,False,2
3609,False,25
3611,False,14
3612,False,1
3614,False,284
3619,False,1
3620,False,143
3621,False,9
3622,False,121
3624,False,211
3626,False,12
3627,False,9
3631,False,1
3634,False,85
3635,False,1
3637,False,52
3638,False,106
3639,False,11
3642,False,300
3644,False,5
3645,False,12
3646,False,43
3648,False,102
3649,False,1
3650,False,25
3653,False,94
3657,False,4
3658,False,3
3660,False,298
3664,False,300
3668,False,6
3669,False,3
3670,False,1
3672,False,12
3673,False,27
3675,False,1
3678,False,229
3680,False,12
3681,False,22
3682,False,12
3683,False,9
3684,False,14
3685,False,52
3687,False,14
3689,False,4
3690,False,25
3692,False,33
3693,False,5
3699,False,24
3703,False,5
3705,False,51
3706,False,2
3707,False,42
3709,False,8
3710,False,7
3714,False,66
3715,False,69
3717,False,11
3720,False,6
3721,False,4
3726,False,10
3727,False,7
3730,False,12
3731,False,2
3732,False,5
3734,False,5
3736,False,5
3737,False,300
3740,False,1
3741,False,259
3743,False,1
3744,False,2
3747,False,64
3748,False,143
3749,False,5
3752,False,84
3754,False,1
3756,False,40
3757,False,1
3758,False,9
3759,False,1
3760,False,1
3761,False,41
3764,False,40
3766,False,11
3767,False,4
3768,False,4
3770,False,38
3771,False,150
3772,False,46
3773,False,3
3775,False,32
3777,False,60
3781,False,2
3782,False,300
3783,False,68
3784,False,2
3785,False,30
3788,False,64
3790,False,3
3792,False,50
3793,False,18
3794,False,10
3795,False,66
3796,False,4
3797,False,3
3799,False,1
3800,False,12
3803,False,5
3804,False,156
3806,False,1
3808,False,98
3809,False,19
3811,False,151
3816,False,23
3818,False,71
3819,False,8
3820,False,5
3821,False,300
3822,False,21
3823,False,1
3825,False,74
3827,False,10
3829,False,2
3830,False,8
3832,False,227
3834,False,4
3835,False,1
3836,False,3
3837,False,20
3838,False,26
3839,False,47
3840,False,118
3846,False,300
3847,False,118
3853,False,71
3855,False,19
3856,False,281
3859,False,18
3861,False,60
3862,False,2
3863,False,17
3864,False,5
3866,False,2
3871,False,5
3874,False,134
3878,False,2
3879,False,6
3884,False,3
3888,False,34
3889,False,266
3891,False,138
3893,False,228
3896,False,8
3899,False,91
3900,False,5
3902,False,1
3903,False,16
3904,False,2
3905,False,256
3907,False,6
3908,False,3
3910,False,20
3916,False,6
3917,False,38
3919,False,9
3920,False,1
3921,False,19
3925,False,75
3927,False,1
3932,False,1
3936,False,11
3937,False,1
3938,False,8
3940,False,222
3941,False,8
3946,False,3
3947,False,51
3948,False,3
3949,False,1
3952,False,6
3954,False,3
3955,False,217
3958,False,216
3959,False,300
3960,False,3
3962,False,21
3965,False,10
3966,False,6
3967,False,281
3968,False,29
3970,False,178
3971,False,274
3974,False,14
3977,False,82
3979,False,48
3980,False,24
3981,False,3
3986,False,300
3987,False,10
3988,False,2
3989,False,4
3990,False,2
3991,False,253
3992,False,267
3993,False,26
3994,False,14
3996,False,1
3997,False,1
3998,False,278
3999,False,43
4002,False,273
4004,False,18
4005,False,3
4014,False,1
4015,False,22
4016,False,4
4018,False,298
4026,False,74
4027,False,6
4032,False,134
4033,False,19
4034,False,3
4035,False,5
4036,False,34
4045,False,72
4046,False,18
4047,False,2
4048,False,118
4051,False,6
4053,False,1
4054,False,29
4055,False,20
4056,False,5
4057,False,188
4058,False,5
4060,False,236
4061,False,174
4063,False,220
4064,False,258
4065,False,196
4066,False,3
4067,False,49
4068,False,144
4069,False,134
4074,False,30
4078,False,1
4079,False,4
4082,False,4
4085,False,280
4086,False,110
4087,False,4
4088,False,3
4090,False,4
4091,False,3
4092,False,36
4093,False,8
4094,False,26
4095,False,240
4096,False,131
4098,False,289
4100,False,30
4101,False,3
4104,False,161
4106,False,33
4109,False,38
4111,False,65
4112,False,28
4115,False,59
4117,False,41
4121,False,300
4122,False,15
4126,False,279
4127,False,3
4129,False,37
4131,False,3
4138,False,107
4142,False,282
4144,False,5
4146,False,3
4147,False,86
4153,False,1
4156,False,64
4157,False,4
4160,False,4
4161,False,5
4162,False,96
4163,False,4
4164,False,6
4165,False,12
4166,False,1
4167,False,20
4169,False,1
4171,False,235
4173,False,10
4175,False,3
4177,False,3
4178,False,20
4181,False,10
4182,False,39
4183,False,295
4186,False,5
4187,False,60
4188,False,47
4189,False,43
4190,False,20
4193,False,20
4194,False,1
4196,False,287
4197,False,8
4198,False,1
4199,False,95
4200,False,9
4201,False,1
4202,False,1
4205,False,256
4206,False,22
4213,False,25
4215,False,7
4217,False,142
4219,False,9
4221,False,4
4222,False,47
4223,False,273
4228,False,300
4229,False,31
4232,False,195
4233,False,4
4236,False,73
4240,False,42
4241,False,1
4245,False,7
4246,False,2
4249,False,262
4250,False,41
4251,False,288
4252,False,298
4253,False,16
4255,False,86
4256,False,5
4259,False,1
4262,False,1
4265,False,1
4266,False,39
4268,False,1
4269,False,8
4270,False,3
4271,False,57
4272,False,4
4273,False,13
4275,False,46
4277,False,16
4278,False,5
4279,False,54
4280,False,12
4282,False,45
4283,False,137
4285,False,2
4289,False,2
4290,False,191
4291,False,8
4292,False,58
4293,False,69
4295,False,20
4296,False,5
4298,False,10
4300,False,6
4303,False,124
4304,False,15
4306,False,296
4309,False,10
4310,False,6
4311,False,3
4312,False,3
4313,False,4
4317,False,4
4318,False,30
4321,False,27
4322,False,35
4323,False,2
4328,False,26
4330,False,25
4331,False,8
4334,False,21
4337,False,61
4338,False,239
4339,False,12
4340,False,8
4342,False,13
4343,False,123
4344,False,2
4346,False,298
4350,False,6
4351,False,1
4352,False,113
4353,False,135
4357,False,4
4358,False,1
4359,False,21
4361,False,298
4363,False,2
4364,False,2
4365,False,62
4368,False,101
4369,False,16
4370,False,1
4371,False,300
4375,False,7
4376,False,8
4377,False,4
4378,False,283
4379,False,3
4380,False,2
4381,False,280
4383,False,294
4386,False,98
4388,False,10
4389,False,83
4390,False,49
4391,False,1
4395,False,25
4396,False,1
4397,False,3
4398,False,1
4400,False,37
4401,False,42
4402,False,294
4409,False,28
4410,False,4
4413,False,300
4415,False,2
4421,False,19
4425,False,36
4426,False,34
4427,False,153
4428,False,1
4429,False,7
4430,False,10
4431,False,23
4433,False,1
4436,False,48
4437,False,111
4440,False,4
4441,False,10
4443,False,26
4445,False,5
4448,False,1
4449,False,53
4453,False,67
4455,False,1
4456,False,3
4458,False,105
4459,False,10
4461,False,1
4464,False,63
4465,False,3
4466,False,9
4467,False,65
4468,False,77
4469,False,13
4475,False,45
4476,False,3
4478,False,2
4479,False,8
4483,False,300
4484,False,4
4485,False,49
4486,False,35
4493,False,65
4494,False,18
4495,False,17
4496,False,3
4497,False,1
4499,False,2
4500,False,49
4501,False,1
4502,False,5
4506,False,1
4510,False,48
4511,False,12
4512,False,2
4515,False,9
4516,False,2
4517,False,57
4519,False,16
4521,False,5
4522,False,1
4523,False,3
4527,False,1
4529,False,7
4530,False,1
4531,False,156
4533,False,5
4534,True,101
4538,False,1
4540,False,2
4542,False,1
4546,False,4
4550,False,54
4552,False,2
4554,False,1
4555,False,1
4556,False,15
4557,False,14
4558,False,23
4560,False,19
4561,False,142
4562,False,2
4565,False,49
4566,False,28
4567,False,1
4571,False,17
4572,False,5
4573,False,22
4575,False,234
4576,False,81
4578,False,26
4579,False,6
4581,False,1
4583,False,1
4584,False,61
4585,False,15
4586,False,27
4588,False,5
4590,False,1
4591,False,6
4592,False,20
4595,False,56
4596,False,1
4597,False,25
4598,False,6
4600,False,44
4601,False,9
4602,False,1
4603,False,3
4604,False,39
4605,False,1
4606,False,300
4607,False,4
4608,False,1
4609,False,11
4610,False,8
4612,False,1
4614,False,179
4615,False,1
4616,False,29
4618,False,3
4619,False,5
4620,False,1
4621,False,13
4622,False,16
4623,False,19
4624,False,11
4628,False,17
4632,False,5
4634,False,19
4636,False,9
4638,False,8
4642,False,25
4643,False,13
4644,False,3
4646,False,224
4650,False,32
4651,False,55
4652,False,33
4655,False,35
4656,False,23
4658,False,9
4659,False,2
4664,False,1
4666,False,17
4667,False,1
4668,False,15
4671,False,9
4672,False,41
4675,False,2
4676,False,56
4678,False,55
4680,False,5
4682,False,9
4685,False,104
4687,False,6
4689,False,47
4690,False,36
4692,False,26
4693,False,20
4697,False,1
4700,False,176
4705,False,57
4706,False,25
4707,False,32
4710,False,130
4711,False,4
4712,False,25
4713,False,23
4714,False,21
4716,False,14
4719,False,1
4723,False,7
4724,False,3
4726,False,48
4727,False,300
4729,False,47
4731,False,281
4732,False,75
4735,False,278
4736,False,11
4738,False,1
4741,False,62
4742,False,75
4745,False,26
4746,False,33
4749,False,4
4750,False,6
4754,False,1
4755,False,3
4756,False,64
4758,False,7
4762,False,35
4763,False,1
4764,False,1
4765,False,53
4766,False,4
4770,False,9
4773,False,20
4776,False,271
4780,False,230
4781,False,28
4782,False,6
4783,False,1
4784,False,8
4786,False,6
4790,False,193
4791,False,30
4792,False,298
4794,False,2
4795,False,6
4797,False,2
4800,False,2
4802,False,88
4804,False,297
4805,False,35
4808,False,3
4809,False,2
4815,False,300
4817,False,126
4821,False,252
4822,False,12
4824,False,3
4826,False,71
4827,False,3
4828,False,8
4829,False,261
4830,False,1
4831,False,45
4832,False,42
4833,False,19
4834,False,1
4835,False,1
4836,False,5
4837,False,40
4838,False,3
4839,False,8
4840,False,23
4841,False,2
4845,False,278
4849,False,11
4850,False,5
4851,False,3
4853,False,3
4854,False,25
4856,False,293
4858,False,2
4859,False,8
4860,False,2
4862,False,278
4863,False,5
4867,False,23
4868,False,2
4872,False,300
4874,False,9
4876,False,2
4880,False,14
4881,False,90
4886,False,5
4887,False,21
4890,False,9
4891,False,4
4893,False,1
4902,False,1
4903,False,262
4904,False,20
4906,False,36
4907,False,2
4909,False,17
4910,False,48
4912,False,13
4913,False,4
4914,False,1
4915,False,84
4918,False,2
4922,False,3
4925,False,2
4926,False,2
4927,False,2
4928,False,144
4930,False,9
4931,False,102
4932,False,62
4933,False,170
4935,False,11
4936,False,16
4938,False,268
4940,False,2
4944,False,8
4946,False,48
4947,False,9
4950,False,115
4952,False,66
4953,False,300
4954,False,2
4959,False,12
4963,False,296
4964,False,4
4965,False,34
4966,False,13
4967,False,300
4968,False,34
4970,False,299
4971,False,2
4972,False,20
4975,False,16
4976,False,148
4978,False,76
4980,False,1
4982,False,3
4983,False,2
4985,False,2
4986,False,1
4990,False,4
4993,False,2
4994,False,9
4997,False,1
4998,False,2
5000,False,7
5001,False,5
5003,False,39
5004,False,4
5006,False,1
5007,False,1
5008,False,32
5010,False,14
5012,False,5
5015,False,297
5017,False,4
5021,False,2
5022,False,43
5023,False,2
5024,False,2
5025,False,3
5033,False,67
5034,False,125
5036,False,6
5038,False,26
5039,False,1
5040,False,9
5042,False,4
5043,False,300
5044,False,120
5047,False,1
5048,False,5
5051,False,2
5052,False,3
5054,False,126
5056,False,7
5057,False,2
5061,False,115
5063,False,2
5066,False,74
5070,False,1
5074,False,7
5075,False,3
5077,False,10
5078,False,140
5082,False,52
5083,False,14
5087,False,1
5089,False,234
5090,False,15
5091,False,109
5093,False,2
5094,False,26
5096,False,66
5097,False,7
5099,False,112
5101,False,2
5102,False,258
5103,False,1
5106,False,77
5107,False,24
5109,False,29
5110,False,1
5111,False,10
5113,False,40
5114,False,55
5116,False,1
5117,False,17
5119,False,4
5120,False,4
5121,False,34
5122,False,3
5127,False,149
5128,False,44
5130,False,23
5131,False,7
5132,False,48
5134,False,1
5135,False,43
5136,False,121
5139,False,9
5141,False,3
5142,False,3
5143,False,1
5144,False,14
5145,False,17
5148,False,20
5152,False,12
5155,False,1
5156,False,7
5158,False,16
5161,False,2
5162,False,1
5165,False,22
5169,False,59
5170,False,83
5172,False,13
5173,False,8
5175,False,38
5176,False,8
5177,False,1
5179,False,1
5180,False,297
5181,False,67
5182,False,2
5183,False,3
5185,False,85
5188,False,16
5193,False,18
5196,False,54
5198,False,29
5202,False,299
5205,False,1
5207,False,3
5208,False,1
5209,False,6
5210,False,10
5212,False,193
5213,False,289
5214,False,27
5216,False,296
5218,False,17
5221,False,1
5224,False,17
5225,False,81
5226,False,9
5228,False,50
5231,False,88
5233,False,20
5236,False,1
5237,False,4
5240,False,70
5241,False,4
5244,False,6
5245,False,108
5246,False,93
5247,False,5
5249,False,3
5250,False,243
5251,False,30
5254,False,118
5255,False,6
5257,False,30
5258,False,2
5260,False,51
5261,False,125
5262,False,5
5264,False,300
5267,False,1
5268,False,152
5269,False,78
5270,False,5
5271,False,278
5274,False,7
5276,False,2
5280,False,1
5281,False,13
5283,False,1
5284,False,3
5287,False,72
5289,False,24
5296,False,13
5299,False,8
5301,False,193
5303,False,48
5304,False,38
5307,False,3
5310,False,299
100001,False,1
100004,False,1
100005,False,7
100010,False,3
100013,False,1
100017,False,13
100019,False,1
100021,False,2
100023,False,20
100029,False,20
100039,False,15
100044,False,13
100046,False,72
100048,False,6
100052,False,22
100058,False,1
100063,False,283
100066,False,2
100068,False,2
100070,False,1
100075,False,2
100079,False,10
100080,False,35
100083,False,1
100084,False,1
100092,False,1
100104,False,2
100106,False,1
100109,False,14
100110,False,104
100112,False,1
100113,False,8
100117,False,1
100118,False,299
100121,False,90
100136,False,13
100137,False,4
100140,False,28
100142,False,258
100146,False,112
100152,False,54
100155,False,106
100161,False,128
100163,False,3
100168,False,25
100170,False,12
100180,True,2
100187,False,5
100188,False,6
100190,False,33
100192,False,97
100193,False,300
100194,False,43
100198,False,22
100200,False,8
100206,False,249
100214,False,9
100216,False,7
100220,False,2
100221,False,95
100223,False,2
100226,False,41
100227,False,1
100230,False,1
100233,False,299
100235,False,119
100238,False,3
100239,False,2
100244,False,14
100245,False,20
100247,False,46
100249,False,12
100251,False,20
100252,False,140
100262,False,199
100264,False,2
100268,False,69
100271,False,2
100274,False,13
100275,False,1
100277,False,256
100278,False,2
100283,False,2
100289,False,105
100291,False,3
100295,False,13
100296,False,10
100306,False,1
100307,False,6
100308,False,14
100310,False,9
100312,False,20
100313,False,5
100315,False,2
100317,False,13
100322,False,3
100328,False,29
100330,False,12
100332,False,9
100335,False,72
100340,False,5
100341,False,27
100345,False,1
100347,False,8
100348,False,1
100349,False,21
100352,False,14
100354,False,299
100355,False,268
100356,False,57
100357,False,10
100358,False,1
100364,False,44
100365,False,1
100366,False,11
100368,False,8
100379,False,1
100381,False,25
100382,False,182
100392,False,7
100394,False,300
100401,False,22
100403,False,38
100406,False,16
100408,False,26
100410,False,14
100414,False,118
100416,False,35
100423,False,22
100426,False,4
100427,False,300
100429,False,22
100432,False,14
100445,False,34
100447,False,37
100450,False,3
100452,False,15
100453,False,58
100454,False,15
100457,False,12
100459,False,80
100460,False,15
100462,False,36
100463,False,1
100465,False,5
100468,False,242
100469,False,1
100470,True,2
100474,False,4
100476,False,4
100479,False,1
100484,False,24
100486,False,4
100491,False,23
100492,False,5
100494,False,24
100506,False,5
100507,False,37
100509,False,3
100510,False,228
100511,False,2
100512,False,15
100515,False,28
100522,False,42
100527,False,115
100530,False,7
100531,False,6
100535,False,18
100538,False,2
100541,False,81
100547,False,262
100552,False,1
100561,True,3
100563,False,1
100564,False,47
100568,False,9
100571,False,27
100572,False,278
100574,False,299
100575,False,1
100578,False,22
100579,False,23
100585,False,2
100595,False,61
100596,False,2
100598,False,95
100607,False,2
100609,False,13
100611,False,266
100613,False,250
100615,False,14
100616,False,15
100619,False,4
100621,False,24
100630,False,84
100632,False,5
100637,False,1
100638,False,300
100640,False,4
100643,False,17
100644,False,8
100649,False,22
100650,False,3
100652,False,300
100653,False,14
100655,False,39
100656,False,78
100658,False,8
100661,False,24
100664,False,17
100670,False,3
100674,False,30
100676,False,6
100677,False,3
100679,False,13
100681,False,198
100686,False,57
100688,False,289
100689,False,97
100691,False,40
100695,False,1
100697,False,28
100698,True,20
100702,False,8
100704,False,3
100718,False,33
100719,False,8
100721,False,82
100724,False,1
100725,False,225
100727,False,48
100728,False,2
100736,False,1
100738,False,287
100741,False,175
100743,False,3
100746,False,1
100747,False,2
100748,False,14
100751,False,3
100755,False,2
100756,False,1
100760,False,1
100766,False,30
100767,False,9
100770,False,1
100776,False,1
100778,False,4
100779,False,11
100782,False,7
100786,False,14
100796,False,300
100800,False,130
100804,False,24
100805,False,16
100809,False,1
100812,False,297
100813,True,237
100814,False,77
100816,False,1
100818,False,40
100821,False,243
100822,False,1
100824,False,2
100825,False,3
100832,False,71
100833,False,178
100838,False,21
100839,False,12
100846,False,28
100848,False,181
100852,False,47
100854,False,26
100855,False,1
100857,False,17
100862,False,5
100864,False,12
100866,False,9
100868,False,1
100870,False,6
100874,False,4
100876,False,9
100883,False,281
100884,False,13
100886,False,9
100890,False,1
100893,False,300
100896,False,77
100900,False,15
100904,False,175
100907,False,1
100908,False,26
100909,False,2
100920,False,42
100922,False,1
100928,False,6
100929,False,2
100931,False,183
100934,False,20
100944,False,3
100955,False,9
100957,False,9
100959,False,300
100964,False,123
100969,False,5
100971,False,5
100976,False,10
100977,False,2
100984,False,2
100986,False,1
100990,False,132
100992,False,15
100993,False,82
100994,False,2
100995,False,175
100998,False,12
100999,False,5
1000006,False,15
1000007,False,3
1000009,False,32
1000010,False,9
1000014,False,2
1000017,False,296
1000019,False,23
1000022,False,48
1000025,False,2
1000026,False,4
1000036,False,5
1000041,False,66
1000043,False,31
1000051,False,6
1000056,False,158
1000058,False,6
1000068,False,21
1000077,False,13
1000079,False,4
1000081,False,6
1000082,False,289
1000084,False,4
1000088,False,3
1000090,False,3
1000092,False,2
1000100,False,1
1000102,False,1
1000112,False,149
1000113,False,1
1000117,False,6
1000119,False,1
1000121,False,32
1000133,False,83
1000135,False,5
1000144,False,2
1000155,False,4
1000159,False,2
1000161,False,19
1000178,False,5
1000192,False,20
1000199,False,53
1000201,False,2
1000203,False,1
1000211,False,90
1000217,False,297
1000219,False,6
1000220,False,21
1000236,False,1
1000237,False,4
1000260,False,13
1000271,False,1
1000277,False,2
1000280,False,296
1000283,False,1
1000288,False,67
1000292,False,4
1000293,False,5
1000302,False,11
1000311,False,22
1000315,False,2
1000317,False,38
1000338,False,5
1000342,False,32
1000349,False,9
1000350,False,7
1000354,False,5
1000362,False,1
1000363,False,1
1000367,False,7
1000369,False,63
1000370,False,12
1000382,False,13
1000384,False,79
1000398,False,10
1000401,False,80
1000402,False,4
1000404,False,166
1000405,False,45
1000408,False,34
1000412,False,2
1000414,False,38
1000428,False,1
1000432,False,16
1000437,False,8
1000442,False,168
1000452,False,175
1000455,False,215
1000469,False,8
1000470,False,2
1000472,False,13
1000487,False,27
1000488,False,2
1000498,False,37
1000500,False,10
1000503,False,277
1000504,False,29
1000505,False,4
1000506,False,4
1000509,False,4
1000520,False,1
1000527,False,3
1000528,False,1
1000534,False,1
1000543,False,265
1000544,False,29
1000545,False,10
1000547,False,80
1000566,False,6
1000568,False,3
1000574,False,92
1000579,False,57
1000581,False,9
1000585,False,3
1000588,False,71
1000593,False,2
1000594,False,7
1000595,False,2
1000606,False,84
1000622,False,5
1000626,False,3
1000629,False,1
1000639,False,5
1000640,False,1
1000641,False,3
1000648,False,42
1000650,False,12
1000655,False,60
1000661,False,6
1000662,False,10
1000663,False,23
1000665,False,40
1000669,False,179
1000675,False,23
1000676,False,3
1000677,False,24
1000679,False,13
1000692,False,181
1000702,False,2
1000705,False,26
1000711,False,13
1000718,False,30
1000719,False,2
1000729,False,28
1000730,False,6
1000731,False,9
1000735,False,6
1000741,False,63
1000743,False,16
1000745,False,6
1000747,False,5
1000754,False,12
1000755,False,18
1000759,False,25
1000760,False,1
1000764,False,23
1000765,False,5
1000773,False,59
1000776,True,3
1000778,False,94
1000779,False,39
1000789,False,1
1000790,False,5
1000795,False,47
1000796,False,31
1000800,False,17
1000822,False,1
1000834,False,6
1000839,False,3
1000842,False,4
1000845,False,15
1000848,False,36
1000860,False,7
1000868,False,30
1000872,False,4
1000874,False,15
1000878,False,2
1000908,False,4
1000911,False,2
1000912,False,54
1000915,False,1
1000918,False,10
1000924,False,1
1000927,False,21
1000933,False,5
1000934,False,276
1000941,False,13
